충전소명,충전기,충전기ID,운영기관
LH제주본부,급속01,1431,한전
가시리 조랑말체험공원,급속01,1466,한전
강정상록 아파트,급속01,3641,한전
강정생명평화교회,급속02,9731,한전
강정생명평화교회,급속01,9730,한전
강창학경기장,급속01,1467,한전
강창학경기장,급속02,1468,한전
강창학경기장,급속03,1469,한전
개인택시조합,급속01,1237,한전
개인택시조합,급속02,1238,한전
건강과 성박물관,급속01,8772,한전
건강과 성박물관,급속03,8774,한전
건강과 성박물관,급속02,8773,한전
건입현대 아파트,급속01,3509,한전
고스트타운,급속03,11021,한전
고스트타운,급속04,11022,한전
고스트타운,급속01,11019,한전
고스트타운,급속02,11020,한전
고스트타운,급속05,11023,한전
공항입구 공영주차장,급속02,10999,한전
공항입구 공영주차장,급속05,11002,한전
공항입구 공영주차장,급속11,11001,한전
공항입구 공영주차장,급속03,11000,한전
공항입구 공영주차장,급속01,10998,한전
구좌119센터,급속01,9733,한전
국립제주박물관,급속02,1433,한전
국립제주박물관,급속01,1432,한전
국립제주박물관,급속03,9769,한전
국제대학교 버스차고지,급속01,10978,한전
국제대학교 버스차고지,급속02,10979,한전
국제대학교 버스차고지,급속03,10980,한전
국제대학교 버스차고지,급속04,10981,한전
김영갑갤러리,급속02,8668,한전
김영갑갤러리,급속01,8667,한전
김창열미술관,급속01,1434,한전
김창열미술관,급속02,1435,한전
난산리 다목적회관,급속01,1229,한전
남원 의례회관 주차장,급속01,1470,한전
남원 의례회관 주차장,급속02,1471,한전
남원공영주차장,급속01,11058,한전
노형 제2공영주차장,급속03,11033,한전
노형 제2공영주차장,급속02,11032,한전
노형 제2공영주차장,급속04,11034,한전
노형 제2공영주차장,급속01,11018,한전
노형2차부영 아파트,급속01,3514,한전
노형지구중흥S클래스 아파트,급속01,3520,한전
농어촌공사 제주지역본부,급속01,8653,한전
농업기술원,급속02,11060,한전
농업기술원,급속01,11059,한전
대유대림 아파트,급속01,5217,한전
대정읍사무소,급속04,9787,한전
대정읍사무소,급속03,9786,한전
대정읍사무소,급속01,9784,한전
대정읍사무소,급속02,9785,한전
대천동주민센터,급속01,1473,한전
도남1차e-편한세상,급속01,3525,한전
도두동 주민센터,급속01,1436,한전
도로교통공단 제주지부,급속01,9710,한전
도로교통공단 제주지부,급속02,9711,한전
동광리버스차고지,급속02,11049,한전
동광리버스차고지,급속01,11048,한전
동물위생시험소(동물보호센터),급속01,10986,한전
동부농업기술센타,급속01,1437,한전
동부농업기술센타,급속04,9876,한전
동부소방서,급속01,1474,한전
마라도 가는 여객선,급속01,8669,한전
물영아리주차장,급속01,9727,한전
물영아리주차장,급속02,9728,한전
미듬아뜨리에 아파트,급속01,3528,한전
방주교회,급속02,9716,한전
방주교회,급속01,9715,한전
번개과학체험관,급속02,9722,한전
번개과학체험관,급속01,9721,한전
베라체 공영주차장,급속01,8063,한전
베스트힐 주차장(조천읍),급속01,1440,한전
삼성혈,급속01,9707,한전
삼성혈,급속02,9708,한전
삼양2동 공영주차장,급속01,8061,한전
새마을금고제주연수원,급속02,8186,한전
새마을금고제주연수원,급속01,8185,한전
생각하는정원,급속01,8768,한전
생각하는정원,급속02,8769,한전
서귀포개인택시조합,급속01,9718,한전
서귀포개인택시조합,급속02,9719,한전
서귀포남원LH 아파트,급속01,3647,한전
서귀포대정LH 아파트,급속01,3650,한전
서귀포동홍3LH 아파트,급속01,3653,한전
서귀포시교육지원청,급속02,8125,한전
서귀포시교육지원청,급속01,8124,한전
서귀포의료원,급속01,1231,한전
서귀포지사,급속03,8820,한전
서귀포지사,급속01,303,한전
서귀포지사,급속02,8819,한전
서귀포해양경찰서,급속01,1475,한전
서귀포해양경찰서,급속02,1476,한전
서귀포향토오일장,급속01,9724,한전
서귀포향토오일장,급속02,9725,한전
서귀포혁신LH1단지,급속01,5242,한전
서귀포혁신LH2단지,급속01,5244,한전
서부경찰서,급속01,1445,한전
서부경찰서,급속02,1446,한전
서부농업기술센터,급속02,2180,한전
서부농업기술센터,급속01,2179,한전
서부소방서,급속01,706,한전
서부소방서,급속02,707,한전
서커스월드공연장,급속01,8671,한전
서커스월드공연장,급속02,8670,한전
성산하수처리장,급속01,1477,한전
수산1리 복지회관,급속01,1232,한전
스마트그리드 홍보관,급속04,580,한전
스마트그리드 홍보관,급속03,579,한전
스마트그리드 홍보관,급속01,1379,한전
스마트그리드 홍보관,급속02,1380,한전
신성로 공영주차장,급속02,10988,한전
신성로 공영주차장,급속04,10990,한전
신성로 공영주차장,급속08,10994,한전
신성로 공영주차장,급속05,10991,한전
신성로 공영주차장,급속01,10987,한전
신성로 공영주차장,급속06,10992,한전
신성로 공영주차장,급속07,10993,한전
신성로 공영주차장,급속10,10996,한전
신성로 공영주차장,급속03,10989,한전
신성로 공영주차장,급속09,10995,한전
아라아이파크,급속01,3547,한전
아라원신 아파트,급속01,3551,한전
아트리움공연장,급속02,8702,한전
아트리움공연장,급속01,8701,한전
안덕계곡 주차장,급속02,1482,한전
안덕계곡 주차장,급속01,1481,한전
안덕면종합복지회관,급속01,1495,한전
안덕생활체육관,급속01,1483,한전
안덕생활체육관,급속02,1484,한전
애월119센터,급속02,1449,한전
애월119센터,급속01,1448,한전
에덴빌리지2차,급속01,3560,한전
연동대림1차아파트,급속01,7299,한전
연동한일시티,급속01,3565,한전
영산홍주택,급속01,7863,한전
영실매표소,급속01,1485,한전
영어교육도시119센터,급속02,1487,한전
영어교육도시119센터,급속01,1486,한전
예래동주민센터,급속01,1488,한전
용머리해안,급속01,1489,한전
용머리해안,급속02,1490,한전
용흥리사무소,급속01,10982,한전
용흥리사무소,급속02,10983,한전
웅전공영주차장,급속01,11030,한전
웅전공영주차장,급속02,11031,한전
유리의성,급속01,1450,한전
유리의성,급속02,11028,한전
유리의성,급속03,11029,한전
유수암,급속01,1451,한전
유수암,급속02,10997,한전
이도2동 공영주차장,급속02,10985,한전
이도2동 공영주차장,급속01,10984,한전
일도2차신천지,급속01,3572,한전
저지리사무소,급속02,9795,한전
저지리사무소,급속01,9705,한전
정방폭포,급속01,1235,한전
정원파인즈 10차,급속01,3574,한전
제일일출연립주택,급속01,3578,한전
제주 교육대학교,급속01,8032,한전
제주 교육대학교,급속02,8033,한전
제주 동부보건소,급속01,1452,한전
제주 동부보건소,급속02,1453,한전
제주 삼양 유적지,급속02,709,한전
제주 삼양 유적지,급속01,708,한전
제주경찰교육센터,급속01,8654,한전
제주고성LH 아파트,급속01,3580,한전
제주공항,급속06,6123,한전
제주공항,급속03,6120,한전
제주공항,급속04,6121,한전
제주공항,급속05,6122,한전
제주공항,급속08,6125,한전
제주공항,급속09,6126,한전
제주공항,급속07,6124,한전
제주공항,급속01,6118,한전
제주공항,급속02,6119,한전
제주교도소,급속01,12122,한전
제주국가생약자원관리센터,급속04,12164,한전
제주국제평화센터,급속01,1492,한전
제주국제평화센터,급속02,1493,한전
제주권역재활센터,급속01,8037,한전
제주권역재활센터,급속02,8038,한전
제주대학교,급속02,8795,한전
제주대학교,급속01,8794,한전
제주도교육청,급속02,8029,한전
제주도교육청,급속01,8028,한전
제주도련LH 아파트,급속01,3585,한전
제주부영1차 아파트,급속01,3588,한전
제주산학융합원,급속03,9739,한전
제주산학융합원,급속02,9738,한전
제주산학융합원,급속01,9737,한전
제주삼화1단지LH 아파트,급속01,3590,한전
제주삼화3단지LH 아파트,급속01,3595,한전
제주서귀포동홍6단지LH 아파트,급속01,3659,한전
제주소년원,급속01,12152,한전
제주수산연구소,급속01,8767,한전
제주시민속오일시장 3주차장,급속01,11062,한전
제주시민속오일시장 3주차장,급속02,11063,한전
제주시민속오일시장 3주차장,급속04,11065,한전
제주시민속오일시장 3주차장,급속03,11064,한전
제주아라LH 아파트,급속01,3599,한전
제주아라스위첸 아파트,급속01,3603,한전
제주아트센터,급속04,11069,한전
제주아트센터,급속03,11068,한전
제주아트센터,급속01,11066,한전
제주아트센터,급속02,11067,한전
제주외도아름마을LH 아파트,급속01,3607,한전
제주으뜸마을LH 아파트,급속01,3610,한전
제주의료원,급속02,711,한전
제주의료원,급속01,710,한전
제주이도한일베라체 아파트,급속01,5235,한전
제주전력지사,급속01,1166,한전
제주전력지사(공용),급속02,9782,한전
제주전력지사(공용),급속01,9781,한전
제주정든마을1단지LH 아파트,급속01,3613,한전
제주정든마을3단지LH 아파트,급속01,3617,한전
제주직할,급속02,1153,한전
제주직할,급속01,513,한전
제주탐라교육원,급속01,8655,한전
제주특별자치도 복지이음마루,급속01,11007,한전
제주하귀휴먼시아1단지,급속01,3624,한전
제주하귀휴먼시아2단지,급속01,3621,한전
제주한림LH 아파트,급속01,3625,한전
제주해녀박물관,급속03,12151,한전
제주해녀박물관,급속02,12149,한전
제주해녀박물관,급속01,12148,한전
제주해양경찰서,급속01,8813,한전
제주해양경찰서,급속02,8814,한전
제주화북3LH 아파트,급속01,3628,한전
조천119센터,급속01,1456,한전
종달리 종합복지회관,급속01,11003,한전
종달리 종합복지회관,급속02,11004,한전
종합경기장,급속04,631,한전
종합경기장,급속01,628,한전
종합경기장,급속05,632,한전
종합경기장,급속02,629,한전
종합경기장,급속03,630,한전
천지공영주차장,급속01,11045,한전
천지공영주차장,급속02,11050,한전
청소년 문화의 집,급속01,1494,한전
테크노파크 용암해수센터,급속01,12147,한전
토이파크,급속02,8771,한전
토이파크,급속01,8770,한전
표선 해양경비단,급속01,8039,한전
표선공영주차장,급속01,11055,한전
표선공영주차장,급속02,11056,한전
표선공영주차장,급속03,11057,한전
한경119센터,급속01,714,한전
한경농협 하나로마트,급속01,9713,한전
한라산국립공원 관음사탐방안내소,급속01,1457,한전
한라산국립공원 어리목탐방안내소,급속01,1458,한전
한라산렌트카,급속03,11039,한전
한라산렌트카,급속01,11037,한전
한라산렌트카,급속02,11038,한전
한림체육관,급속01,712,한전
한림체육관,급속02,713,한전
한수풀도서관,급속02,11006,한전
한수풀도서관,급속01,11005,한전
해오름 아파트,급속01,3633,한전
행복날개 주유소,급속01,633,한전
행복날개 주유소,급속02,634,한전
현대3노형부영5차 아파트,급속01,3636,한전
현대3차 아파트,급속01,3637,한전
현일 아파트,급속01,3638,한전
혜성대유 아파트,급속01,3639,한전
화북1 아파트,급속01,3640,한전
화북2동 공영주차장,급속01,8062,한전
화북4 아파트,급속01,5843,한전
화북주공2 아파트,급속01,5844,한전
감사위원회,2,감사위원회_02,환경부혹은제주도청
감사위원회,1,감사위원회_01,환경부혹은제주도청
걸매축구장,1,걸매축구장_01,환경부혹은제주도청
걸매축구장,2,걸매축구장_02,환경부혹은제주도청
고산동산공영주차장,1,고산동산공영주차장_01,환경부혹은제주도청
고성2리경로당,1,고성2리경로당_01,환경부혹은제주도청
고용복지플러스센터,1,고용복지플러스센터_01,환경부혹은제주도청
관음사,1,관음사_01,환경부혹은제주도청
관음사,2,관음사_02,환경부혹은제주도청
광치기해변공영주차장,1,광치기해변공영주차장_01,환경부혹은제주도청
광치기해변공영주차장,2,광치기해변공영주차장_02,환경부혹은제주도청
구억리마을회관,1,구억리마을회관_01,환경부혹은제주도청
구좌농공단지(제주이야기),1,구좌농공단지(제주이야기)_01,환경부혹은제주도청
구좌읍주민센터,7,구좌읍주민센터_07,환경부혹은제주도청
구좌읍주민센터,1,구좌읍주민센터_01,환경부혹은제주도청
구좌읍주민센터,6,구좌읍주민센터_06,환경부혹은제주도청
국토교통인재개발원 인근 공영주차장,1,국토교통인재개발원 인근 공영주차장_01,환경부혹은제주도청
국토교통인재개발원 인근 공영주차장,2,국토교통인재개발원 인근 공영주차장_02,환경부혹은제주도청
귀덕1리사무소,1,귀덕1리사무소_01,환경부혹은제주도청
귀덕1리사무소,2,귀덕1리사무소_02,환경부혹은제주도청
그루터기,1,그루터기_01,환경부혹은제주도청
근로자종합복지관 주차장,2,근로자종합복지관 주차장_02,환경부혹은제주도청
근로자종합복지관 주차장,1,근로자종합복지관 주차장_01,환경부혹은제주도청
금악건강증진센터,1,금악건강증진센터_01,환경부혹은제주도청
금악리새마을회,1,금악리새마을회_01,환경부혹은제주도청
난산보건진료소,1,난산보건진료소_01,환경부혹은제주도청
남원 공영노외1주차장,2,남원 공영노외1주차장_02,환경부혹은제주도청
남원 공영노외1주차장,1,남원 공영노외1주차장_01,환경부혹은제주도청
남원생활체육관,1,남원생활체육관_01,환경부혹은제주도청
남원읍사무소,4,남원읍사무소_04,환경부혹은제주도청
남원읍사무소,1,남원읍사무소_01,환경부혹은제주도청
납읍리보건소,1,납읍리보건소_01,환경부혹은제주도청
노형 부영아파트 1단지,2,노형 부영아파트 1단지_02,환경부혹은제주도청
노형 부영아파트 1단지,1,노형 부영아파트 1단지_01,환경부혹은제주도청
노형2지구 공영주차장,1,노형2지구 공영주차장_01,환경부혹은제주도청
노형e-편한세상,1,노형 e-편한세상_01,환경부혹은제주도청
노형뜨란채아파트,1,노형뜨란채아파트_01,환경부혹은제주도청
노형뜨란채아파트,2,노형뜨란채아파트_02,환경부혹은제주도청
노형부영3차아파트,1,노형부영3차아파트_01,환경부혹은제주도청
노형제1공영주차장,1,노형제1공영주차장_01,환경부혹은제주도청
노형제1공영주차장,2,노형제1공영주차장_02,환경부혹은제주도청
누리터,1,누리터_01,환경부혹은제주도청
누리터,2,누리터_02,환경부혹은제주도청
느지리오름주차장,1,느지리오름주차장_01,환경부혹은제주도청
대륜동 문화복지센터,1,대륜동 문화복지센터_01,환경부혹은제주도청
대정농공단지,1,대정농공단지_01,환경부혹은제주도청
대진유토피아,1,대진유토피아,환경부혹은제주도청
대포동경로당,1,대포동경로당_01,환경부혹은제주도청
대한적십자 제주혈액원,1,대한적십자 제주혈액원_01,환경부혹은제주도청
대흘1리마을회관 맞은편 주차장,1,대흘1리마을회관 맞은편 주차장_01,환경부혹은제주도청
대흘2리마을회관,1,대흘2리마을회관_01,환경부혹은제주도청
더럭초등학교주차장,1,더럭초등학교주차장_01,환경부혹은제주도청
덕수리마을회관,1,덕수리마을회관_01,환경부혹은제주도청
도두공영주차장,1,도두공영주차장_01,환경부혹은제주도청
도련공영주차장,2,도련공영주차장_02,환경부혹은제주도청
도련공영주차장,1,도련공영주차장_01,환경부혹은제주도청
도로관리과,1,도로관리과_01,환경부혹은제주도청
도장애인종합복지관,1,도장애인종합복지관_01,환경부혹은제주도청
도청 제2청사 후문주차장,2,도청 제2청사 후문주차장_02,환경부혹은제주도청
도청 제2청사 후문주차장,1,도청 제2청사 후문주차장_01,환경부혹은제주도청
돔베낭골노외공영주차장,1,돔베낭골노외공영주차장_01,환경부혹은제주도청
동명아파트북측공영주차장,1,동명아파트북측공영주차장_01,환경부혹은제주도청
동물위생시험소(동물보호센터),2,동물위생시험소_02,환경부혹은제주도청
동물위생시험소(동물보호센터),1,동물위생시험소_01,환경부혹은제주도청
동복ESH주택,1,동복ESH주택_01,환경부혹은제주도청
동부경찰서,2,동부경찰서_02,환경부혹은제주도청
동부경찰서,1,동부경찰서_01,환경부혹은제주도청
동부종합사회복지관,2,동부종합사회복지관_02,환경부혹은제주도청
동부종합사회복지관,1,동부종합사회복지관_01,환경부혹은제주도청
동제주종합사회복지관,1,동제주종합사회복지관_01,환경부혹은제주도청
동홍1주공아파트,1,동홍1주공아파트_01,환경부혹은제주도청
동홍4주공아파트,1,동홍4주공아파트_01,환경부혹은제주도청
동홍공영노외1주차장,2,동홍공영노외1주차장_02,환경부혹은제주도청
동홍공영노외1주차장,1,동홍공영노외1주차장_01,환경부혹은제주도청
동홍공영노외2주차장,1,동홍공영노외2주차장_01,환경부혹은제주도청
동홍아파트 5단지,2,동홍아파트 5단지_02,환경부혹은제주도청
동홍아파트 5단지,4,동홍아파트 5단지_04,환경부혹은제주도청
동홍아파트 5단지,3,동홍아파트 5단지_03,환경부혹은제주도청
동홍아파트 5단지,1,동홍아파트 5단지_01,환경부혹은제주도청
동화초등학교 공영주차장,1,동화초등학교 공영주차장_01,환경부혹은제주도청
머체왓숲길영농조합,1,머체왓숲길영농조합_01,환경부혹은제주도청
모로왓제2공영주차장,6,모로왓제2공영주차장_06,환경부혹은제주도청
모로왓제2공영주차장,1,모로왓제2공영주차장_01,환경부혹은제주도청
모로왓제2공영주차장,2,모로왓제2공영주차장_02,환경부혹은제주도청
모로왓제2공영주차장,5,모로왓제2공영주차장_05,환경부혹은제주도청
모로왓제2공영주차장,7,모로왓제2공영주차장_07,환경부혹은제주도청
모로왓제2공영주차장,4,모로왓제2공영주차장_04,환경부혹은제주도청
모로왓제2공영주차장,3,모로왓제2공영주차장_03,환경부혹은제주도청
모슬포운진항,1,모슬포운진항_01,환경부혹은제주도청
모슬포운진항,2,모슬포운진항_02,환경부혹은제주도청
무릉1리 다목적회관,1,무릉1리 다목적회관_01,환경부혹은제주도청
보성리사무소,2,보성리사무소_02,환경부혹은제주도청
보성리사무소,1,보성리사무소_01,환경부혹은제주도청
부면동정류장 뒤 마을시설,1,부면동정류장 뒤 마을시설_01,환경부혹은제주도청
사계포구공영주차장,1,사계포구공영주차장_01,환경부혹은제주도청
삼다수숲길 주차장,1,삼다수숲길주차장_01,환경부혹은제주도청
삼달보건진료소,1,삼달보건진료소_01,환경부혹은제주도청
삼부장미아파트남측공영주차장,1,삼부장미아파트남측공영주차장,환경부혹은제주도청
삼양동주민센터,2,삼양동주민센터_02,환경부혹은제주도청
삼양해수욕장 인근공영주차장,2,삼양해수욕장 인근공영주차장_02,환경부혹은제주도청
삼양해수욕장 인근공영주차장,1,삼양해수욕장 인근공영주차장_01,환경부혹은제주도청
상효1동 마을회관,1,상효1동 마을회관_01,환경부혹은제주도청
생태관광지원센터,1,생태관광지원센터_01,환경부혹은제주도청
서광서리복지회관,1,서광서리복지회관_01,환경부혹은제주도청
서귀동 공영주차장,1,서귀동 공영주차장(28-3)_01,환경부혹은제주도청
서귀포 예술의전당,2,서귀포예술의전당_02,환경부혹은제주도청
서귀포 제2청사,2,서귀포 제2청사_02,환경부혹은제주도청
서귀포 제2청사,1,서귀포 제2청사_01,환경부혹은제주도청
서귀포 테니스장,1,서귀포 테니스장_01,환경부혹은제주도청
서귀포 테니스장,2,서귀포 테니스장_02,환경부혹은제주도청
서귀포공립요양원,1,서귀포공립요양원_01,환경부혹은제주도청
서귀포공립요양원,2,서귀포공립요양원_02,환경부혹은제주도청
서귀포소방서,3,서귀포소방서_03,환경부혹은제주도청
서귀포소방서,2,서귀포소방서_02,환경부혹은제주도청
서귀포시 일터나눔 자활센터,1,서귀포시 일터나눔 자활센터_01,환경부혹은제주도청
서귀포시 중앙교회,1,서귀포시 중앙교회_01,환경부혹은제주도청
서귀포시 중앙교회,2,서귀포시 중앙교회_02,환경부혹은제주도청
서귀포시서부종합사회복지관,1,서귀포시서부종합사회복지관_01,환경부혹은제주도청
서귀포시서부종합사회복지관,2,서귀포시서부종합사회복지관_02,환경부혹은제주도청
서귀포시선거관리위원회,1,서귀포시선거관리위원회_01,환경부혹은제주도청
서귀포시장애인종합사회복지관,1,서귀포장애인종합복지관_01,환경부혹은제주도청
서귀포시장애인회관,1,서귀포시장애인회관_01,환경부혹은제주도청
서귀포시청,2,서귀포시청_02,환경부혹은제주도청
서귀포시청,1,서귀포시청_01,환경부혹은제주도청
서귀포향토오일시장,2,서귀포향토오일시장_02,환경부혹은제주도청
서귀포향토오일시장,1,서귀포향토오일시장_01,환경부혹은제주도청
서부소방서 안덕 119센터,1,서부소방서 안덕 119센터_01,환경부혹은제주도청
성내 공영주차장,1,성내 공영주차장_01,환경부혹은제주도청
성산공설묘지,2,성산공설묘지_02,환경부혹은제주도청
성산공설묘지,1,성산공설묘지_01,환경부혹은제주도청
성산보건지소,1,성산보건지소_01,환경부혹은제주도청
성산보건지소,2,성산보건지소_02,환경부혹은제주도청
성산읍노인복지회관,1,성산읍노인복지회관_01,환경부혹은제주도청
성산읍노인복지회관,2,성산읍노인복지회관_02,환경부혹은제주도청
성산읍사무소,5,성산읍사무소_05,환경부혹은제주도청
성산읍사무소,1,성산읍사무소_01,환경부혹은제주도청
성산읍사무소,2,성산읍사무소_02,환경부혹은제주도청
성산일출봉 공영주차장,1,성산일출봉 공영주차장_01,환경부혹은제주도청
성산일출봉 공영주차장,2,성산일출봉 공영주차장_02,환경부혹은제주도청
성산항 공영주차장,54,성산항 공영주차장_54,환경부혹은제주도청
성산항 공영주차장,1,성산항 공영주차장_01,환경부혹은제주도청
성산항 공영주차장,4,성산항 공영주차장_04,환경부혹은제주도청
성산항 공영주차장,52,성산항 공영주차장_52,환경부혹은제주도청
성산항 공영주차장,3,성산항 공영주차장_03,환경부혹은제주도청
성산항 공영주차장,2,성산항 공영주차장_02,환경부혹은제주도청
성읍119지역센터,1,성읍119지역센터_01,환경부혹은제주도청
성읍문화마을 주차장,1,성읍문화마을 주차장_01,환경부혹은제주도청
성읍민속마을주차장,1,성읍민속마을주차장_01,환경부혹은제주도청
성읍민속마을주차장,2,성읍민속마을주차장_02,환경부혹은제주도청
성읍보건진료소,1,성읍보건진료소_01,환경부혹은제주도청
세화리사무소,1,세화리사무소_01,환경부혹은제주도청
소공원 주차장,22,소공원 주차장_22,환경부혹은제주도청
소공원 주차장,21,소공원 주차장_21,환경부혹은제주도청
소망요양원,1,소망요양원_01,환경부혹은제주도청
송악도서관 입구주차장,1,송악도서관 입구주차장_01,환경부혹은제주도청
송악산공영주차장,2,송악산공영주차장_02,환경부혹은제주도청
송악산공영주차장,1,송악산공영주차장_01,환경부혹은제주도청
수덕공영주차장,1,수덕공영주차장_01,환경부혹은제주도청
수덕공영주차장,1,수덕공영주차장_01,환경부혹은제주도청
수망리다목적회관,1,수망리다목적회관_01,환경부혹은제주도청
수산보건진료소,1,수산보건진료소_01,환경부혹은제주도청
시민복지타운 공영주차장,1,시민복지타운 공영주차장_01,환경부혹은제주도청
시민복지타운 공영주차장,2,시민복지타운 공영주차장_02,환경부혹은제주도청
신도보건진료소,1,신도보건진료소_01,환경부혹은제주도청
신례리공영주차장,2,신례리공영주차장_02,환경부혹은제주도청
신례리공영주차장,1,신례리공영주차장_01,환경부혹은제주도청
신산동경로당,1,신산동경로당_01,환경부혹은제주도청
신산리마을회관,1,신산리마을회관_01,환경부혹은제주도청
신산청소년문화의집,1,신산청소년문화의집_01,환경부혹은제주도청
신제주공영주차장,2,신제주공영주차장_02,환경부혹은제주도청
신제주공영주차장,1,신제주공영주차장_01,환경부혹은제주도청
신풍보건진료소,1,신풍보건진료소_01,환경부혹은제주도청
신화역사공원 조성사업,1,신화역사공원 조성사업_01,환경부혹은제주도청
신화역사공원 조성사업,2,신화역사공원 조성사업_02,환경부혹은제주도청
신화역사공원 조성사업,4,신화역사공원 조성사업_04,환경부혹은제주도청
신화역사공원 조성사업,3,신화역사공원 조성사업_03,환경부혹은제주도청
신흥2리 리사무소,1,신흥2리 리사무소_01,환경부혹은제주도청
신흥리공영주차장,1,신흥리공영주차장_01,환경부혹은제주도청
신흥보건진료소,1,신흥보건진료소_01,환경부혹은제주도청
심인요양원,1,심인요양원_01,환경부혹은제주도청
아라119안전센터,1,아라119안전센터_01,환경부혹은제주도청
아라동공영주차장,1,아라동공영주차장_01,환경부혹은제주도청
아라동사무소,1,아라동사무소_01,환경부혹은제주도청
아라지구 공영주차장,1,아라지구 공영주차장_01,환경부혹은제주도청
아라지구 공영주차장,1,아라지구 공영주차장_01,환경부혹은제주도청
아시아CGI애니메이션센터,21,아시아CGI애니메이션센터_21,환경부혹은제주도청
아시아CGI애니메이션센터,22,아시아CGI애니메이션센터_22,환경부혹은제주도청
안덕면사무소,1,안덕면사무소_01,환경부혹은제주도청
안덕면사무소,12,안덕면사무소_12,환경부혹은제주도청
안덕면사무소,11,안덕면사무소_11,환경부혹은제주도청
안덕면종합복지회관,1,안덕면종합복지회관_01,환경부혹은제주도청
안덕우체국 뒤 주차장,1,안덕우체국 뒤 주차장_01,환경부혹은제주도청
애월국민체육센터,22,애월국민체육센터_22,환경부혹은제주도청
애월국민체육센터,21,애월국민체육센터_21,환경부혹은제주도청
애월읍사무소,12,애월읍사무소_12,환경부혹은제주도청
애월읍사무소,11,애월읍사무소_11,환경부혹은제주도청
애월읍사무소,1,애월읍사무소_01,환경부혹은제주도청
애월체육관,3,애월체육관_03,환경부혹은제주도청
약천사,1,약천사_01,환경부혹은제주도청
양지(추모)공원,11,양지(추모)공원_11,환경부혹은제주도청
양지(추모)공원,12,양지(추모)공원_12,환경부혹은제주도청
양지공원,1,양지공원_01,환경부혹은제주도청
에코촌 유스호스텔,1,에코촌 유스호스텔_01,환경부혹은제주도청
연동대림2차아파트,1,연동 대림2차 아파트_01,환경부혹은제주도청
영락교회 인근 공영주차장,1,영락교회 인근 공영주차장_01,환경부혹은제주도청
영락리사무소,1,영락리사무소_01,환경부혹은제주도청
영평하동 마을회관,1,영평하동 마을회관_01,환경부혹은제주도청
오라동주민센터,2,오라동주민센터_02,환경부혹은제주도청
오일시장 일대 공영주차장,1,오일시장 일대 공영주차장_01,환경부혹은제주도청
오일시장 일대 공영주차장,22,오일시장 일대 공영주차장_22,환경부혹은제주도청
오일시장 일대 공영주차장,21,오일시장 일대 공영주차장_21,환경부혹은제주도청
오일장 인근 주차장,1,오일장 인근 주차장_01,환경부혹은제주도청
오조리종합복지회관,1,오조리종합복지회관_01,환경부혹은제주도청
온평리사무소,1,온평리사무소_01,환경부혹은제주도청
옹포리사무소,1,옹포리사무소_01,환경부혹은제주도청
와흘리사무소,1,와흘리사무소_01,환경부혹은제주도청
외도119센터,1,외도119센터_01,환경부혹은제주도청
외도119센터,2,외도119센터_02,환경부혹은제주도청
외도구획정리지구 공영주차장,1,외도구획정리지구 공영주차장_01,환경부혹은제주도청
외도구획정리지구공영주차장,2,외도구획정리지구공영주차장_02,환경부혹은제주도청
외도구획정리지구공영주차장,1,외도구획정리지구공영주차장_01,환경부혹은제주도청
외도동 공영주차장,1,외도동 공영주차장_01,환경부혹은제주도청
외도동생활문화센터,1,외도동생활문화센터_01,환경부혹은제주도청
용담1동노인복지회관,1,용담1동노인복지회관_01,환경부혹은제주도청
용담1동주민센터,12,용담1동주민센터_12,환경부혹은제주도청
용담1동주민센터,11,용담1동주민센터_11,환경부혹은제주도청
용담2동 주민센터,1,용담2동 주민센터_01,환경부혹은제주도청
용두암 공영주차장,1,용두암 공영주차장_01,환경부혹은제주도청
용암해수산업화지원센터,1,용암해수산업화지원센터_01,환경부혹은제주도청
용암해수산업화지원센터 2호관,21,용암해수산업화지원센터 2호관_21,환경부혹은제주도청
용암해수산업화지원센터 2호관,22,용암해수산업화지원센터 2호관_22,환경부혹은제주도청
용운동복지회관,1,용운동복지회관_01,환경부혹은제주도청
우당도서관,1,우당도서관_01,환경부혹은제주도청
우당도서관,2,우당도서관_02,환경부혹은제주도청
우성아파트 1단지,1,우성아파트 1단지,환경부혹은제주도청
우주전파센터,1,우주전파센터_01,환경부혹은제주도청
웅전공영주차장,1,웅전공영주차장_01,환경부혹은제주도청
웅전공영주차장,1,웅전공영주차장_01,환경부혹은제주도청
월드컵경기장,21,월드컵경기장_21,환경부혹은제주도청
월드컵경기장,22,월드컵경기장_22,환경부혹은제주도청
월드컵경기장,24,월드컵경기장_24,환경부혹은제주도청
월드컵경기장,23,월드컵경기장_23,환경부혹은제주도청
월드컵경기장 인근 공영주차장,1,월드컵경기장 인근 공영주차장_01,환경부혹은제주도청
월평마을회관(다목적건물),1,월평마을회관(다목적건물)_01,환경부혹은제주도청
월평마을회관(다목적건물),2,월평마을회관(다목적건물)_02,환경부혹은제주도청
위미2리 다목적회관,1,위미2리 다목적회관_01,환경부혹은제주도청
위미2리사무소,1,위미2리사무소_01,환경부혹은제주도청
위미3리사무소,1,위미3리사무소_01,환경부혹은제주도청
위미의례회관,1,위미의례회관_01,환경부혹은제주도청
유수암리사무소,22,유수암리사무소_22,환경부혹은제주도청
유수암리사무소,21,유수암리사무소_21,환경부혹은제주도청
의귀교회 인근 공영주차장,1,의귀교회 인근 공영주차장_01,환경부혹은제주도청
의귀교회 인근 공영주차장,2,의귀교회 인근 공영주차장_02,환경부혹은제주도청
의귀보건진료소,1,의귀보건진료소_01,환경부혹은제주도청
이도2동공영주차장,1,이도2동공영주차장,환경부혹은제주도청
이도2지구공영주차장,1,이도2지구공영주차장_01,환경부혹은제주도청
이도빌리지,1,이도빌리지_01,환경부혹은제주도청
이도이동 복층화 공영주차장,1,이도이동 복층화 공영주차장_01,환경부혹은제주도청
이도이동 복층화 공영주차장,2,이도이동 복층화 공영주차장_02,환경부혹은제주도청
이도이동노외공영주차장,1,이도이동노외공영주차장_01,환경부혹은제주도청
이도주민센터,1,이도주민센터_01,환경부혹은제주도청
이호동 주민센터,1,이호동 주민센터_01,환경부혹은제주도청
인재개발원,3,인재개발원_03,환경부혹은제주도청
인재개발원,4,인재개발원_04,환경부혹은제주도청
인제공영주차장,1,인제공영주차장_01,환경부혹은제주도청
인제공영주차장,2,인제공영주차장_02,환경부혹은제주도청
일과1리복지회관,1,일과1리복지회관_01,환경부혹은제주도청
일도대림1차아파트,1,일도대림1차아파트_01,환경부혹은제주도청
일도삼주아파트,1,일도삼주아파트_01,환경부혹은제주도청
일출랜드,12,일출랜드_12,환경부혹은제주도청
일출랜드,11,일출랜드_11,환경부혹은제주도청
자광원,1,자광원_01,환경부혹은제주도청
장전리사무소,1,장전리사무소_01,환경부혹은제주도청
저지 다온빌라 공용주차장,22,저지 다온빌라 공용주차장_22,환경부혹은제주도청
저지 다온빌라 공용주차장,21,저지 다온빌라 공용주차장_21,환경부혹은제주도청
정방동공영주차장,1,정방동공영주차장_01,환경부혹은제주도청
정방동공영주차장,2,정방동공영주차장_02,환경부혹은제주도청
정방동공영주차장,3,정방동공영주차장_03,환경부혹은제주도청
정방동문화의집,1,정방동문화의집_01,환경부혹은제주도청
정존공영주차장,2,정존공영주차장_02,환경부혹은제주도청
정존공영주차장,1,정존공영주차장_01,환경부혹은제주도청
정존공영주차장,5,정존공영주차장_05,환경부혹은제주도청
정존공영주차장,6,정존공영주차장_06,환경부혹은제주도청
정존공영주차장,3,정존공영주차장_03,환경부혹은제주도청
정존공영주차장,4,정존공영주차장_04,환경부혹은제주도청
정혜재활원,1,정혜재활원_01,환경부혹은제주도청
제스코 서귀포점,12,제스코 서귀포점_12,환경부혹은제주도청
제스코 서귀포점,11,제스코 서귀포점_11,환경부혹은제주도청
제스코마트,1,제스코마트_01,환경부혹은제주도청
제스코마트,12,제스코마트_12,환경부혹은제주도청
제스코마트,11,제스코마트_11,환경부혹은제주도청
제주 청소년수련원 도로변 주차장,22,제주 청소년수련원 도로변 주차장_22,환경부혹은제주도청
제주 청소년수련원 도로변 주차장,21,제주 청소년수련원 도로변 주차장_21,환경부혹은제주도청
제주4.3평화재단 공원,44,제주4.3평화재단 공원_44,환경부혹은제주도청
제주4.3평화재단 공원,43,제주4.3평화재단 공원_43,환경부혹은제주도청
제주4.3평화재단 공원,42,제주4.3평화재단 공원_42,환경부혹은제주도청
제주4.3평화재단 공원,41,제주4.3평화재단 공원_41,환경부혹은제주도청
제주4·3평화공원,1,제주4·3평화공원_01,환경부혹은제주도청
제주감귤농협유통사업단(2유통센터),21,제주감귤농협유통사업단(2유통센터)_21,환경부혹은제주도청
제주감귤농협유통사업단(2유통센터),22,제주감귤농협유통사업단(2유통센터)_22,환경부혹은제주도청
제주공천포전지훈련센터,1,제주공천포전지훈련센터_01,환경부혹은제주도청
제주공천포전지훈련센터,2,제주공천포전지훈련센터_02,환경부혹은제주도청
제주공항,1,제주공항_01,환경부혹은제주도청
제주교도소 민원인주차장,1,제주교도소 민원인 주차장_01,환경부혹은제주도청
제주국제대학교,24,제주국제대학교_24,환경부혹은제주도청
제주국제대학교,21,제주국제대학교_21,환경부혹은제주도청
제주국제대학교,23,제주국제대학교_23,환경부혹은제주도청
제주국제대학교,22,제주국제대학교_22,환경부혹은제주도청
제주국제컨벤션센터,1,제주국제컨벤션센터_01,환경부혹은제주도청
제주국제컨벤션센터,7,제주국제컨벤션센터_07,환경부혹은제주도청
제주국제컨벤션센터,1,제주국제컨벤션센터_01,환경부혹은제주도청
제주국제컨벤션센터,9,제주국제컨벤션센터_09,환경부혹은제주도청
제주국제컨벤션센터,2,제주국제컨벤션센터_02,환경부혹은제주도청
제주국제컨벤션센터,10,제주국제컨벤션센터_10,환경부혹은제주도청
제주국제컨벤션센터,5,제주국제컨벤션센터_05,환경부혹은제주도청
제주국제컨벤션센터,6,제주국제컨벤션센터_06,환경부혹은제주도청
제주국제컨벤션센터,8,제주국제컨벤션센터_08,환경부혹은제주도청
제주국제컨벤션센터,4,제주국제컨벤션센터_04,환경부혹은제주도청
제주국제컨벤션센터,3,제주국제컨벤션센터_03,환경부혹은제주도청
제주국제컨벤션센터,14,제주국제컨벤션센터_14,환경부혹은제주도청
제주국제컨벤션센터2,2,제주국제컨벤션센터2_02,환경부혹은제주도청
제주노루생태공원,1,제주노루생태공원_01,환경부혹은제주도청
제주농업기술센터,21,제주농업기술센터_21,환경부혹은제주도청
제주농업기술센터,22,제주농업기술센터_22,환경부혹은제주도청
제주도 상하수도본부,3,제주도 상하수도본부_03,환경부혹은제주도청
제주도농아복지관,2,제주도농아복지관_02,환경부혹은제주도청
제주도농아복지관,1,제주도농아복지관_01,환경부혹은제주도청
제주도립미술관,12,제주도립미술관_12,환경부혹은제주도청
제주도립미술관,11,제주도립미술관_11,환경부혹은제주도청
제주동부하수처리장,21,제주동부하수처리장_21,환경부혹은제주도청
제주동부하수처리장,22,제주동부하수처리장_22,환경부혹은제주도청
제주벤처마루,1,제주벤처마루_01,환경부혹은제주도청
제주세계자연유산센터,2,제주세계자연유산센터_02,환경부혹은제주도청
제주세계자연유산센터,1,제주세계자연유산센터_01,환경부혹은제주도청
제주세계자연유산센터,3,제주세계자연유산센터_03,환경부혹은제주도청
제주순복음사회복지관,1,제주순복음사회복지관,환경부혹은제주도청
제주시 보건소,1,제주시보건소_01,환경부혹은제주도청
제주시 보건소,6,제주시보건소_06,환경부혹은제주도청
제주시 상하수도본부,1,제주시 상하수도본부_01,환경부혹은제주도청
제주시 평생학습센터,1,제주시 평생학습센터_01,환경부혹은제주도청
제주시청,1,제주시청_01,환경부혹은제주도청
제주시청,4,제주시청_04,환경부혹은제주도청
제주시청,2,제주시청_02,환경부혹은제주도청
제주시청,3,제주시청_03,환경부혹은제주도청
제주시청,12,제주시청_12,환경부혹은제주도청
제주애덕의집,1,제주애덕의집_01,환경부혹은제주도청
제주양로원,1,제주양로원_01,환경부혹은제주도청
제주연구원,1,제주연구원_01,환경부혹은제주도청
제주영상미디어센터,2,제주영상미디어센터_02,환경부혹은제주도청
제주영상미디어센터,1,제주영상미디어센터_01,환경부혹은제주도청
제주영어교육도시사무소,1,제주영어교육도시사무소_01,환경부혹은제주도청
제주월드컵경기장,1,제주월드컵경기장_01,환경부혹은제주도청
제주자연생태공원,1,제주자연생태공원_01,환경부혹은제주도청
제주장애인스포츠센터,1,제주장애인스포츠센터_01,환경부혹은제주도청
제주장애인스포츠센터,2,제주장애인스포츠센터_02,환경부혹은제주도청
제주전파관리소,1,제주전파관리소_01,환경부혹은제주도청
제주절물자연휴양림,1,제주절물자연휴양림_01,환경부혹은제주도청
제주종합경기장2,2,제주종합경기장2_02,환경부혹은제주도청
제주청소년수련원,1,제주청소년수련원_01,환경부혹은제주도청
제주청소년수련원,2,제주청소년수련원_02,환경부혹은제주도청
제주추사관,12,제주추사관_12,환경부혹은제주도청
제주추사관,1,제주추사관_01,환경부혹은제주도청
제주추사관,11,제주추사관_11,환경부혹은제주도청
제주춘강의원,1,제주춘강의원_01,환경부혹은제주도청
제주특별자치도 농업기술원,21,제주특별자치도 농업기술원_21,환경부혹은제주도청
제주특별자치도 농업기술원,22,제주특별자치도 농업기술원_22,환경부혹은제주도청
제주특별자치도 농업기술원,23,제주특별자치도 농업기술원_23,환경부혹은제주도청
제주특별자치도 농업기술원,24,제주특별자치도 농업기술원_24,환경부혹은제주도청
제주특별자치도교육청,22,제주특별자치도교육청_22,환경부혹은제주도청
제주특별자치도교육청,21,제주특별자치도교육청_21,환경부혹은제주도청
제주특별자치도교육청,1,제주특별자치도교육청_01,환경부혹은제주도청
제주특별자치도의회,21,제주특별자치도의회_21,환경부혹은제주도청
제주특별자치도의회,2,제주특별자치도의회_02,환경부혹은제주도청
제주특별자치도의회,1,제주특별자치도의회_01,환경부혹은제주도청
제주특별자치도의회,22,제주특별자치도의회_22,환경부혹은제주도청
제주특별자치도청,2,제주특별자치도청_02,환경부혹은제주도청
제주특별자치도청,3,제주특별자치도청_03,환경부혹은제주도청
제주특별자치도청,5,제주특별자치도청_05,환경부혹은제주도청
제주특별자치도청,1,제주특별자치도청_01,환경부혹은제주도청
제주특별자치도청,4,제주특별자치도청_04,환경부혹은제주도청
제주특별자치도청,16,제주특별자치도청_16,환경부혹은제주도청
제주하수처리장,2,제주하수처리장_02,환경부혹은제주도청
제주하수처리장,1,제주하수처리장_01,환경부혹은제주도청
제주학생문화원,1,제주학생문화원_01,환경부혹은제주도청
제주한란전시관,1,제주한란전시관_01,환경부혹은제주도청
제주항 여객터미널,2,제주항 여객터미널_02,환경부혹은제주도청
제주항 여객터미널,1,제주항 여객터미널_01,환경부혹은제주도청
제주항일기념관,12,제주항일기념관_12,환경부혹은제주도청
제주항일기념관,11,제주항일기념관_11,환경부혹은제주도청
제주해녀박물관,1,제주해녀박물관_01,환경부혹은제주도청
제주현대미술관,1,제주현대미술관_01,환경부혹은제주도청
제주화물자동차공영차고지,1,제주화물자동차공영차고지_01,환경부혹은제주도청
제주화물자동차공영차고지,2,제주화물자동차공영차고지_02,환경부혹은제주도청
조수1리다목적회관,1,조수1리사무소_01,환경부혹은제주도청
조천도서관,1,조천도서관_01,환경부혹은제주도청
조천도서관,1,조천도서관_01,환경부혹은제주도청
조천도서관,2,조천도서관_02,환경부혹은제주도청
조천읍사무소,11,조천읍사무소_11,환경부혹은제주도청
조천읍사무소,1,조천읍사무소_01,환경부혹은제주도청
조천읍사무소,12,조천읍사무소_12,환경부혹은제주도청
조천체육관,1,조천체육관_01,환경부혹은제주도청
조천체육관,1,조천체육관_01,환경부혹은제주도청
종남공영주차장,1,종남공영주차장_01,환경부혹은제주도청
㈜행운식품,1,㈜행운식품_01,환경부혹은제주도청
중문 관광단지,5,중문 관광단지_05,환경부혹은제주도청
중문 관광단지,4,중문 관광단지_04,환경부혹은제주도청
중문 관광단지,2,중문 관광단지_02,환경부혹은제주도청
중문 관광단지,1,중문 관광단지_01,환경부혹은제주도청
중문 관광단지,3,중문 관광단지_03,환경부혹은제주도청
중문동주민센터,1,중문동주민센터_01,환경부혹은제주도청
중문보건지소,1,중문보건지소_01,환경부혹은제주도청
중앙공영주차장,11,중앙공영주차장_11,환경부혹은제주도청
중앙공영주차장,12,중앙공영주차장_12,환경부혹은제주도청
중앙공영주차장,2,중앙공영주차장_02,환경부혹은제주도청
중앙공영주차장,1,중앙공영주차장_01,환경부혹은제주도청
중앙공영주차장(우리은행 서귀포점 인근 공영주차장),1,중앙공영주차장(우리은행 서귀포점 인근 공영주차장)_01,환경부혹은제주도청
중앙병원,1,중앙병원_01,환경부혹은제주도청
중앙병원,2,중앙병원_02,환경부혹은제주도청
중엄리사무소,1,중엄리사무소_01,환경부혹은제주도청
지미봉주차장,2,지미봉주차장_02,환경부혹은제주도청
지미봉주차장,1,지미봉주차장_01,환경부혹은제주도청
천지연폭포주차장,2,천지연폭포주차장_02,환경부혹은제주도청
천지연폭포주차장,1,천지연폭포주차장_01,환경부혹은제주도청
축산진흥원,1,축산진흥원_01,환경부혹은제주도청
춘강장애인근로센터,1,춘강장애인근로센터_01,환경부혹은제주도청
출입국관리사무소,1,출입국관리사무소_01,환경부혹은제주도청
클럽다인리조트,1,클럽다인리조트_01,환경부혹은제주도청
탐라도서관,2,탐라도서관_02,환경부혹은제주도청
탐라도서관,1,탐라도서관_01,환경부혹은제주도청
탐라도서관,3,탐라도서관_03,환경부혹은제주도청
탐라장애인종합복지관,1,탐라장애인종합복지관_01,환경부혹은제주도청
탐라중학교 공영주차장,1,탐라중학교 공영주차장_01,환경부혹은제주도청
탑동제1공영주차장,1,탑동제1공영주차장_01,환경부혹은제주도청
태봉그린피아,1,태봉그린피아,환경부혹은제주도청
태흥3리 마을회관,1,태흥3리 마을회관_01,환경부혹은제주도청
토산1리체험장,1,토산1리체험장_01,환경부혹은제주도청
토평동마을회관,1,토평동마을회관_01,환경부혹은제주도청
퐁낭 작은 도서관 앞 주차장,1,퐁낭 작은 도서관 앞 주차장_01,환경부혹은제주도청
표선 공영주차장,1,표선 공영주차장(표선리 711)_01,환경부혹은제주도청
표선 의례회관 앞 공영주차장,1,표선 의례회관 앞 공영주차장_01,환경부혹은제주도청
표선도서관,2,표선도서관_02,환경부혹은제주도청
표선도서관,1,표선도서관_01,환경부혹은제주도청
표선민속마을 해비치 해변 공영주차장,3,표선민속마을 해비치 해변 공영주차장_03,환경부혹은제주도청
표선민속마을 해비치 해변 공영주차장,5,표선민속마을 해비치 해변 공영주차장_05,환경부혹은제주도청
표선민속마을 해비치 해변 공영주차장,4,표선민속마을 해비치 해변 공영주차장_04,환경부혹은제주도청
표선민속마을 해비치 해변 공영주차장,2,표선민속마을 해비치 해변 공영주차장_02,환경부혹은제주도청
표선민속마을 해비치 해변 공영주차장,1,표선민속마을 해비치 해변 공영주차장_01,환경부혹은제주도청
하귀1리공영주차장,1,하귀1리공영주차장_01,환경부혹은제주도청
하귀1리공영주차장,2,하귀1리공영주차장_02,환경부혹은제주도청
하귀1지구 공영주차장,1,하귀1지구 공영주차장_01,환경부혹은제주도청
하귀문화의집,1,하귀문화의집_01,환경부혹은제주도청
하귀휴먼시아1단지아파트,1,하귀휴먼시아1단지아파트_01,환경부혹은제주도청
하례2리 마을회,22,하례2리 마을회_22,환경부혹은제주도청
하례2리 마을회,21,하례2리 마을회_21,환경부혹은제주도청
하효마을다목적회관,12,하효마을다목적회관_12,환경부혹은제주도청
하효마을다목적회관,11,하효마을다목적회관_11,환경부혹은제주도청
한경도서관 앞 주차장,1,한경도서관 앞 주차장_01,환경부혹은제주도청
한경면(청수리)청수마을회관,1,한경면(청수리)청수마을회관_01,환경부혹은제주도청
한경면(청수리)청수마을회관,2,한경면(청수리)청수마을회관_02,환경부혹은제주도청
한경면사무소,1,한경면사무소_01,환경부혹은제주도청
한경면종합복지회관,1,한경면종합복지회관_01,환경부혹은제주도청
한경면종합복지회관,2,한경면종합복지회관_02,환경부혹은제주도청
한경체육관,1,한경체육관_01,환경부혹은제주도청
한국교통방송 제주본부,2,한국교통방송 제주본부_02,환경부혹은제주도청
한국교통방송 제주본부,1,한국교통방송 제주본부_01,환경부혹은제주도청
한국교통안전공단제주자동차검사소,1,한국교통안전공단제주자동차검사소_01,환경부혹은제주도청
한국교통안전공단제주자동차검사소,2,한국교통안전공단제주자동차검사소_02,환경부혹은제주도청
한국산업인력공단 제주지사,22,한국산업인력공단 제주지사_22,환경부혹은제주도청
한국산업인력공단 제주지사,21,한국산업인력공단 제주지사_21,환경부혹은제주도청
한국중부발전㈜ 상명풍력발전소,21,한국중부발전㈜ 상명풍력발전소_21,환경부혹은제주도청
한국중부발전㈜ 상명풍력발전소,22,한국중부발전㈜ 상명풍력발전소_22,환경부혹은제주도청
한국중부발전㈜ 제주화력본부 사택,22,한국중부발전㈜ 제주화력본부 사택_22,환경부혹은제주도청
한국중부발전㈜ 제주화력본부 사택,21,한국중부발전㈜ 제주화력본부 사택_21,환경부혹은제주도청
한국폴리텍대학 제주캠퍼스,1,한국폴리텍대학 제주캠퍼스_01,환경부혹은제주도청
한길정보통신학교,1,한길정보통신학교_01,환경부혹은제주도청
한남보건진료소,1,한남보건진료소_01,환경부혹은제주도청
한라도서관,1,한라도서관_01,환경부혹은제주도청
한라병원,1,한라병원_01,환경부혹은제주도청
한라수목원,1,한라수목원_01,환경부혹은제주도청
한라수목원(자연생태학습관),2,한라수목원(자연생태학습관)_02,환경부혹은제주도청
한라수목원(자연생태학습관),1,한라수목원_01,환경부혹은제주도청
한림공원 인근 공영주차장,1,한림공원 인근 공영주차장_01,환경부혹은제주도청
한림금능농공단지(제주맥주),1,한림금능농공단지(제주맥주)_01,환경부혹은제주도청
한림오일시장 주차장,1,한림오일시장 주차장_01,환경부혹은제주도청
한림오일시장 주차장,2,한림오일시장 주차장_02,환경부혹은제주도청
한림읍사무소,3,한림읍사무소_03,환경부혹은제주도청
한림읍사무소,1,한림읍사무소_04,환경부혹은제주도청
한림읍사무소,5,한림읍사무소_05,환경부혹은제주도청
한림읍사무소,4,한림읍사무소_04,환경부혹은제주도청
한림읍주민자치센터 옆 공영주차장,1,한림읍주민자치센터 옆 공영주차장_01,환경부혹은제주도청
한림읍체육관 주차장,3,한림읍체육관 주차장_03,환경부혹은제주도청
한림읍체육관 주차장,1,한림읍체육관 주차장_01,환경부혹은제주도청
한림읍체육관 주차장,2,한림읍체육관 주차장_02,환경부혹은제주도청
한림종합운동장 주차장,43,한림종합운동장 주차장_43,환경부혹은제주도청
한림종합운동장 주차장,44,한림종합운동장 주차장_44,환경부혹은제주도청
한림종합운동장 주차장,41,한림종합운동장 주차장_41,환경부혹은제주도청
한림종합운동장 주차장,42,한림종합운동장 주차장_42,환경부혹은제주도청
한림항 주차장,1,한림항 주차장_01,환경부혹은제주도청
한반도제주호텔,1,한반도제주호텔_01,환경부혹은제주도청
한원리노인복지관,1,한원리노인복지관_01,환경부혹은제주도청
한화꿈에그린아파트,1,한화꿈에그린아파트_01,환경부혹은제주도청
함덕광명샤인빌,1,함덕광명샤인빌_01,환경부혹은제주도청
항일기념관,22,항일기념관_22,환경부혹은제주도청
항일기념관,21,항일기념관_21,환경부혹은제주도청
해변공연장,1,해변공연장_01,환경부혹은제주도청
협재리사무소,2,협재리사무소_02,환경부혹은제주도청
협재리사무소,1,협재리사무소_01,환경부혹은제주도청
협재해수욕장,1,협재해수욕장_01,환경부혹은제주도청
혼인지,1,혼인지_01,환경부혹은제주도청
혼인지,2,혼인지_02,환경부혹은제주도청
홍로공영주차장,11,홍로공영주차장_11,환경부혹은제주도청
홍로공영주차장,1,홍로공영주차장_01,환경부혹은제주도청
홍로공영주차장,12,홍로공영주차장_12,환경부혹은제주도청
화북공업단지남측공영주차장,1,화북공업단지남측공영주차장,환경부혹은제주도청
화북동공영주차장,1,화북동 공영주차장(11-7)_01,환경부혹은제주도청
화북동공영주차장,2,화북동 공영주차장(11-7)_02,환경부혹은제주도청
화북동주민센터,1,화북동주민센터_01,환경부혹은제주도청
환경시설관리사무소,2,환경시설관리사무소_02,환경부혹은제주도청
환경시설관리사무소,1,환경시설관리사무소_01,환경부혹은제주도청
회수사거리 인근 공영주차장,1,회수사거리 인근 공영주차장_01,환경부혹은제주도청
효돈동 공영주차장,1,효돈동 공영주차장,환경부혹은제주도청
효돈동주민센터,1,효돈동주민센터_01,환경부혹은제주도청
효돈축구공원,2,효돈축구공원_02,환경부혹은제주도청
효돈축구공원,1,효돈축구공원_01,환경부혹은제주도청
